0,184,-116
1,144,-126
2,136,-124
3,-16,-164
4,-40,-148
5,-96,-134
6,-144,-148
7,-272,-180
8,-328,-164
9,-336,-162
10,-320,-168
11,-304,-170
12,-368,-184
13,-384,-182
14,-512,-208
15,-520,-210
16,-552,-226
17,-600,-212
18,-632,-206
19,-640,-208
20,-640,-210
21,-600,-192
22,-672,-174
23,-704,-180
24,-736,-166
25,-744,-168
26,-744,-166
27,-752,-168
28,-744,-166
29,-784,-208
30,-792,-206
31,-864,-190
32,-864,-192
33,-872,-196
34,-872,-198
35,-904,-190
36,-896,-188
37,-888,-174
38,-888,-192
39,-872,-190
40,-872,-188
41,-904,-180
42,-1096,-130
43,-1128,-136
44,-1224,-164
45,-1336,-202
46,-1336,-198
47,-1360,-212
48,-1424,-196
49,-1448,-192
50,-1440,-190
51,-1480,-198
52,-1488,-200
53,-1472,-204
54,-1496,-200
55,-1496,-192
56,-1512,-194
57,-1592,-220
58,-1744,-176
59,-1760,-170
60,-1808,-156
61,-1848,-148
62,-1848,-150
63,-1832,-152
64,-1952,-188
65,-1952,-194
66,-2088,-134
67,-2104,-120
68,-2160,-102
69,-2168,-98
70,-2176,-94
71,-2168,-90
72,-2176,-80
73,-2208,-84
74,-2208,-86
75,-2256,-76
76,-2488,-226
77,-2600,-208
78,-2592,-206
79,-2576,-222
80,-2600,-232
81,-2640,-220
82,-2648,-218
83,-2648,-220
84,-2648,-216
85,-2656,-214
86,-2624,-190
87,-2680,-208
88,-2736,-234
89,-2760,-230
90,-2776,-236
91,-2760,-234
92,-2752,-240
93,-2768,-242
94,-2752,-240
95,-2784,-248
96,-2792,-246
97,-2824,-234
98,-2832,-232
99,-2864,-282
100,-2864,-280
101,-2960,-352
102,-2952,-350
103,-2936,-352
104,-2944,-354
105,-2984,-382
106,-3136,-418
107,-3352,-464
108,-3456,-536
109,-3464,-538
110,-3464,-544
111,-3504,-524
112,-3608,-502
113,-3632,-506
114,-3616,-514
115,-3648,-506
116,-3664,-504
117,-3680,-510
118,-3816,-588
119,-3872,-598
120,-3880,-604
121,-3920,-614
122,-3912,-398
123,-3928,-400
124,-3888,-420
125,-4144,-690
126,-4136,-474
127,-4088,-376
128,-4168,-392
129,-4168,-404
130,-4168,-408
131,-4208,-422
132,-4216,-420
133,-4224,-426
134,-4232,-422
135,-4424,-356
136,-4456,-352
137,-4520,-364
138,-4608,-428
139,-4712,-374
140,-4832,-248
141,-4832,-252
142,-4944,-372
143,-4976,-366
144,-5200,-480
145,-5208,-482
146,-5216,-490
147,-5256,-500
148,-5256,-502
149,-5248,-486
150,-5256,-500
151,-5240,-498
152,-5264,-486
153,-5480,-128
154,-5496,-124
155,-5512,-126
156,-5528,-124
157,-5600,-142
158,-5616,-114
159,-5616,-100
160,-5616,-76
161,-5696,-122
162,-5752,-134
163,-5872,-26
164,-5872,-24
165,-5888,-18
166,-5848,-256
167,-5848,-258
168,-5792,-380
169,-5800,-378
170,-5752,-290
171,-5800,-282
172,-5848,-266
173,-5888,-234
174,-5936,-260
175,-5968,-254
176,-6008,-264
177,-5936,-324
178,-6280,22
179,-6032,-434
180,-6032,-396
181,-6040,-398
182,-6072,-406
183,-6256,-340
184,-6256,-350
185,-6256,-354
186,-6440,-250
187,-6624,-450
188,-6624,-442
189,-6640,-364
190,-6680,-340
191,-6760,-354
192,-6992,-122
193,-7080,-50
194,-7120,-58
195,-7136,-76
196,-7128,-78
197,-7184,-96
198,-7208,-98
199,-7232,-92
200,-7264,-96
201,-7264,-118
202,-7536,10
203,-7544,16
204,-7560,50
205,-7544,12
206,-7584,8
207,-7888,258
208,-7832,266
209,-7808,290
210,-7824,288
211,-8128,600
212,-8128,636
213,-8136,642
214,-8352,728
215,-8480,774
216,-8672,852
217,-8632,832
218,-8616,846
219,-8712,964
220,-8792,986
221,-8816,984
222,-8808,982
223,-8808,992
224,-8856,60
225,-8840,62
226,-8832,64
227,-8864,68
228,-8872,72
229,-8912,26
230,-9000,8
231,-9016,10
232,-9064,24
233,-9088,20
234,-9160,212
235,-9184,230
236,-9216,242
237,-9200,238
238,-9288,254
239,-9320,668
240,-9376,678
241,-9392,662
242,-9424,614
243,-9456,600
244,-9464,594
245,-9504,606
246,-9480,604
247,-9504,606
248,-9616,484
249,-9824,728
250,-9784,682
251,-9784,680
252,-9888,762
253,-9984,582
254,-10368,800
255,-10368,798
256,-10360,792
257,-10632,220
258,-10672,234
259,-10752,124
260,-10744,122
261,-10768,126
262,-10816,100
263,-10832,88
264,-10832,78
265,-10880,68
266,-10848,74
267,-10864,78
268,-11056,232
269,-11080,234
270,-11096,288
271,-11080,286
272,-11112,242
273,-11096,244
274,-11112,240
275,-11152,228
276,-11112,62
277,-11136,64
278,-11128,62
279,-11144,60
280,-11216,42
281,-11232,-26
282,-11224,536
283,-11232,462
284,-11504,1008
285,-11528,1066
286,-11656,1146
287,-11664,1142
288,-11632,1316
289,-11544,1302
290,-11864,406
291,-11896,272
292,-11912,268
293,-11976,290
294,-12000,246
295,-11920,100
296,-11936,92
297,-11944,88
298,-11920,84
299,-11992,112
300,-12048,124
301,-12040,118
302,-12280,482
303,-12752,-812
304,-12808,196
305,-12824,284
306,-12848,192
307,-13112,-952
308,-13192,-1052
309,-13184,-1056
310,-13224,-1092
311,-13336,-1016
312,-13200,-1110
313,-13160,-1264
314,-13256,-1346
315,-13200,-1702
316,-14016,314
317,-14096,-980
318,-14536,1952
319,-14640,1538
320,-14400,-1704
321,-14456,-1676
322,-14384,1488
323,-14416,1498
324,-14432,1494
325,-14880,-1768
326,-14896,-1760
327,-15064,942
328,-15112,870
329,-15048,906
330,-15072,784
331,-15088,786
332,-14920,-194
333,-14896,-192
334,-15032,-1210
335,-14928,60
336,-15224,1922
337,-15256,1928
338,-15408,2078
339,-15616,-2342
340,-15656,-2350
341,-15592,-1936
342,-15248,1382
343,-16152,-1882
344,-16152,-1888
345,-16112,-1874
346,-16144,1104
347,-16152,1106
348,-16064,-2544
349,-16080,-2546
350,-15912,-2452
351,-15488,1640
352,-16136,-2294
353,-16856,2784
354,-16904,2824
355,-16968,-2880
356,-16944,-2878
357,-15824,2126
358,-16240,-2476
359,-16264,-2478
360,-16152,2698
361,-15272,-958
362,-15544,1986
363,-15584,1850
364,-15992,-2318
365,-16008,-2620
366,-16312,2346
367,-16904,-2990
368,-16912,-3016
369,-16840,-2954
370,-16632,2650
371,-15984,-2274
372,-15936,-2576
373,-15208,1850
374,-15768,-2496
375,-15472,-2236
376,-15256,2170
377,-15312,2196
378,-15304,2194
379,-15712,-1546
380,-15680,-1694
381,-15656,-1704
382,-15696,-1982
383,-15648,-2150
384,-15592,2082
385,-15872,-2612
386,-15056,1558
387,-15208,638
388,-15272,706
389,-15712,-446
390,-15600,-374
391,-15544,-1892
392,-15640,-1916
393,-15616,-1304
394,-15624,2132
395,-15608,2130
396,-15632,-2378
397,-15656,-2382
398,-15656,-2384
399,-14320,1868
400,-14240,1820
401,-14504,186
402,-15120,2464
403,-15024,2332
404,-15216,-2384
405,-15184,-2374
406,-15160,-2182
407,-14976,-1480
408,-14944,-1490
409,-15384,-2144
410,-15368,-2140
411,-15376,1070
412,-15256,1138
413,-15344,850
414,-15856,-1296
415,-15880,-1302
416,-15896,-1352
417,-16632,2938
418,-16688,2944
419,-16320,-2026
420,-16344,-2028
421,-16072,2578
422,-16136,-1266
423,-15896,2336
424,-15960,-2176
425,-15984,-2544
426,-15840,2540
427,-16064,-2488
428,-16128,-2496
429,-16176,-2508
430,-16168,-2514
431,-16160,-2508
432,-16624,2710
433,-16344,624
434,-16368,628
435,-16200,-956
436,-16152,-882
437,-16160,1602
438,-15624,-2140
439,-15632,-2142
440,-15744,-1956
441,-15344,1674
442,-14768,-1604
443,-15600,2634
444,-15608,2636
445,-15616,2616
446,-15856,-2650
447,-14984,22
448,-15248,858
449,-15480,-156
450,-15480,-78
451,-15400,-476
452,-15368,-482
453,-15248,-948
454,-15232,-938
455,-15328,-988
456,-15512,2664
457,-15864,-1914
458,-15960,-2092
459,-15224,756
460,-15136,1656
461,-15776,-1996
462,-15624,2268
463,-15640,2272
464,-15632,-396
465,-15408,-1262
466,-15416,-1284
467,-15392,-1282
468,-15472,1084
469,-15296,-416
470,-15016,796
471,-15024,798
472,-15032,914
473,-15104,922
474,-15944,-2378
475,-15968,-2382
476,-16992,2998
477,-15936,-1778
478,-16104,2510
479,-16112,2512
480,-16120,2600
481,-15528,-1548
482,-15792,2108
483,-15784,2110
484,-15088,122
485,-14976,-114
486,-14976,-116
487,-15016,-112
488,-15208,236
489,-14912,1166
490,-14808,1238
491,-14952,1296
492,-15648,-1782
493,-15184,-580
494,-15296,-134
495,-15368,1530
496,-15416,-940
497,-15384,-922
498,-15432,-902
499,-15624,2300
500,-15304,-1778
501,-15136,1620
502,-15232,-1016
503,-15448,-244
504,-15072,1670
505,-15304,108
506,-14912,-2200
507,-14880,-2192
508,-14848,1524
509,-14704,-1874
510,-14752,-1696
511,-15376,-2596
512,-15144,1642
513,-15816,-2332
514,-14712,1218
515,-14704,-1752
516,-14656,-1106
517,-14680,-1102
518,-14712,-1108
519,-14592,-2086
520,-14600,-2080
521,-14600,-2078
522,-14776,-2340
523,-14656,302
524,-14648,256
525,-14632,252
526,-14624,168
527,-15280,-2088
528,-15296,-2086
529,-15360,1992
530,-15376,1994
531,-15376,1986
532,-15576,-1966
533,-14696,984
534,-14920,2120
535,-14992,2134
536,-14808,552
537,-15272,-766
538,-15192,-782
539,-16120,2628
540,-16128,-1784
541,-17024,2992
542,-16560,-2464
543,-15976,2074
544,-15944,2100
545,-15824,1982
546,-15808,1970
547,-15744,-2288
548,-16136,2354
549,-16104,2372
550,-16184,2388
551,-16184,-2194
552,-15648,2316
553,-16064,-2286
554,-16168,-2376
555,-16616,2312
556,-16176,-2722
557,-16216,-2742
558,-14736,620
559,-14720,634
560,-14864,-874
561,-14808,-1258
562,-14704,-1272
563,-14680,-392
564,-14568,-918
565,-14480,-902
566,-14456,-892
567,-13720,466
568,-13760,500
569,-13760,502
570,-13848,470
571,-13824,588
572,-13856,966
573,-13864,-552
574,-14360,-1330
575,-14408,-1374
576,-14408,-1376
577,-14544,-1498
578,-14552,-1500
579,-14528,-1768
580,-14832,842
581,-14808,840
582,-14928,378
583,-15304,1258
584,-15312,1260
585,-15408,-2106
586,-15408,1902
587,-15288,654
588,-15080,386
589,-14840,-674
590,-14840,-676
591,-15232,-208
592,-15224,-212
593,-15208,-144
594,-15216,-160
595,-15192,-158
596,-14864,380
597,-14984,970
598,-14960,974
599,-14992,2230
600,-15400,-1998
601,-15016,984
602,-15496,-1718
603,-15360,-1870
604,-15016,1066
605,-15184,1714
606,-15168,1780
607,-15152,1668
608,-15448,-1418
609,-15472,-1566
610,-15488,-1528
611,-15272,1794
612,-15144,1730
613,-15192,1746
614,-15728,-2748
615,-16024,2094
616,-16448,-2754
617,-16464,-2798
618,-16488,-2800
619,-16448,2598
620,-16224,-2648
621,-16256,-2644
622,-15808,2174
623,-15584,1980
624,-15536,1968
625,-15520,1732
626,-15696,1438
627,-15696,1434
628,-15904,1974
629,-15784,-2362
630,-15760,-2360
631,-15840,-2404
632,-15448,796
633,-15616,-2452
634,-15312,2218
635,-15600,-2380
636,-15616,-2382
637,-16432,2404
638,-15496,-2384
639,-15496,-2376
640,-15376,-2186
641,-15440,-2342
642,-15824,1666
643,-15864,1670
644,-16000,1754
645,-15760,1498
646,-15728,1518
647,-15696,1032
648,-15544,-28
649,-15456,-204
650,-15440,336
651,-15416,202
652,-15392,338
653,-15456,-306
654,-16440,2500
655,-16400,2544
656,-16408,2546
657,-16920,-2826
658,-16888,-2938
659,-16464,2560
660,-16768,-2790
661,-16336,2552
662,-16368,2560
663,-15880,-160
664,-15840,-164
665,-15752,46
666,-15552,604
667,-15496,588
668,-15816,-1432
669,-15824,-1430
670,-15896,-1122
671,-16376,718
672,-16368,2556
673,-16288,-1568
674,-15760,1700
675,-15760,1698
676,-15768,1768
677,-15752,1766
678,-15352,-272
679,-15464,-130
680,-15872,2048
681,-15816,2420
682,-16120,-2150
683,-15976,-1814
684,-15768,1952
685,-15264,-1494
686,-15216,814
687,-15144,742
688,-15720,-2460
689,-15728,-2464
690,-14512,1720
691,-15080,-822
692,-15096,-610
693,-14736,314
694,-14736,312
695,-14712,306
696,-15224,1276
697,-15256,1286
698,-15232,1284
699,-15200,1944
700,-15224,1948
701,-14808,1428
702,-14848,1422
703,-14936,1874
704,-15104,-904
705,-15120,-900
706,-15040,-1818
707,-15136,2250
708,-15104,2222
709,-14416,-302
710,-14512,384
711,-14520,386
712,-14424,408
713,-14416,388
714,-14440,398
715,-14896,-14
716,-14920,60
717,-14624,-1688
718,-14384,-908
719,-14336,-1164
720,-14568,-180
721,-15232,-2172
722,-15360,-2378
723,-15576,2162
724,-16048,-2630
725,-16072,-2632
726,-16072,-2622
727,-16168,1972
728,-16168,1970
729,-16136,1966
730,-16128,1960
731,-16248,2820
732,-16152,2786
733,-16176,2790
734,-16192,2792
735,-16080,2630
736,-15736,1350
737,-15744,1348
738,-16448,-2566
739,-15832,-1108
740,-15928,-1210
741,-15928,-1212
742,-15912,-1210
743,-15952,-1224
744,-16360,-2636
745,-16336,-2620
746,-15376,2080
747,-15288,-1340
748,-15224,-2100
749,-15168,-2080
750,-16424,2440
751,-17464,-2984
752,-16608,2434
753,-16744,-2676
754,-15440,1714
755,-15448,1712
756,-15464,1714
757,-15488,1712
758,-15480,1658
759,-15240,-1542
760,-15288,-1548
761,-15312,-1088
762,-15240,-742
763,-15272,-622
764,-15272,-652
765,-15264,-650
766,-15088,700
767,-14984,-916
768,-15120,1262
769,-15064,428
770,-15056,424
771,-15192,480
772,-15192,472
773,-15112,456
774,-15776,1688
775,-15680,-1124
776,-15712,-1134
777,-15560,-2532
778,-14824,2376
779,-15152,-1846
780,-14952,-1688
781,-15264,2246
782,-15288,-1434
783,-15776,2528
784,-15832,2386
785,-15784,2376
786,-15640,1840
787,-15872,-2278
788,-15848,-2276
789,-15744,-2068
790,-15784,-1992
791,-15752,1634
792,-15768,1632
793,-14904,-1338
794,-14712,-1170
795,-14536,-1028
796,-14512,-1026
797,-14576,-982
798,-14616,-1010
799,-14744,-1242
800,-14880,-1296
801,-14904,754
802,-15496,-1940
803,-15104,-928
804,-15072,-922
805,-15336,2340
806,-15216,2174
807,-14960,-2124
808,-15248,1686
809,-15256,1678
810,-15256,1598
811,-15576,-1926
812,-15544,-1916
813,-15600,-1952
814,-15768,-810
815,-15720,2118
816,-16320,-2416
817,-15504,2112
818,-15224,1220
819,-15376,1586
820,-15408,1598
821,-15472,1648
822,-15256,788
823,-15176,746
824,-16024,-2698
825,-16024,-2696
826,-16104,2534
827,-16032,2512
828,-15336,-2260
829,-15568,2192
830,-15592,2200
831,-15568,2198
832,-14872,-498
833,-14840,-1298
834,-14864,-1296
835,-14808,-1314
836,-15128,-1110
837,-15368,-1850
838,-15448,-1994
839,-15296,-2060
840,-15304,-2058
841,-15240,-2042
842,-15168,-1346
843,-15224,-1376
844,-15208,1946
845,-15328,1760
846,-15344,-1006
847,-15152,1818
848,-15200,1834
849,-15336,2110
850,-15320,2108
851,-16112,-2468
852,-16136,-2470
853,-15728,2434
854,-15704,2436
855,-15104,-1520
856,-15456,2194
857,-15384,-318
858,-15696,2518
859,-15056,-1636
860,-14832,-1340
861,-14872,-2038
862,-14856,42
863,-15096,-1238
864,-15088,-1236
865,-15032,-1074
866,-15248,1808
867,-15664,-874
868,-15488,-2014
869,-15112,-1626
870,-14872,-1120
871,-15088,-56
872,-15120,-126
873,-15120,-38
874,-15160,10
875,-15464,1708
876,-15872,-2600
877,-15232,-1426
878,-15160,-1500
879,-14832,586
880,-15104,-970
881,-15112,-968
882,-15216,-1012
883,-15224,-418
884,-15216,-416
885,-15544,2692
886,-15768,-1906
887,-15136,2332
888,-15200,2340
889,-14848,-1326
890,-15424,2472
891,-15448,2474
892,-15416,2470
893,-15904,-2334
894,-15944,-1740
895,-14872,1816
896,-14872,1818
897,-15392,-1824
898,-15416,-1826
899,-15680,-2378
900,-15808,-2480
901,-14928,898
902,-14776,424
903,-14920,-40
904,-15032,-112
905,-14976,566
906,-14968,580
907,-15576,-2292
908,-15592,-2266
909,-15984,2490
910,-15920,2480
911,-15912,2478
912,-15984,2494
913,-15472,880
914,-15440,-1012
915,-15440,-1050
916,-15408,-1046
917,-15384,-1026
918,-15312,-990
919,-15288,-986
920,-14888,-514
921,-14736,-1124
922,-14712,-1122
923,-14560,-1448
924,-14560,-1450
925,-14576,-1452
926,-14432,-1224
927,-15000,1634
928,-15312,2128
929,-15296,1310
930,-15424,1426
931,-15528,1370
932,-15560,1376
933,-16064,-2236
934,-15848,1566
935,-15856,1568
936,-15992,2344
937,-15592,-1026
938,-15200,2104
939,-15272,2088
940,-15496,-2136
941,-14528,1684
942,-14776,1888
943,-14768,1698
944,-14936,-1524
945,-15496,588
946,-15608,656
947,-15592,660
948,-15624,762
949,-15368,-1236
950,-15376,-1242
951,-15352,-1238
952,-15600,2620
953,-15968,-2334
954,-15592,-1298
955,-15416,1872
956,-15432,1876
957,-15472,1872
958,-15376,1978
959,-15528,1606
960,-15600,1866
961,-16232,-2546
962,-16128,-2512
963,-16840,2494
964,-16864,2476
965,-16992,-2906
966,-16952,-2902
967,-16928,-2898
968,-16656,2994
969,-16656,2992
970,-16680,2994
971,-16728,3006
972,-16640,2800
973,-16744,-2900
974,-16760,-2906
975,-15800,1848
976,-15568,1274
977,-15960,-2734
978,-15984,-2736
979,-16256,2398
980,-16392,-1950
981,-16112,2674
982,-16032,2646
983,-16184,-2728
984,-16072,-2642
985,-16032,-1868
986,-16456,2894
987,-16840,-2820
988,-17736,2994
989,-16712,-2868
990,-16488,2736
991,-16368,2600
992,-16312,2594
993,-16232,2416
994,-15904,-2704
995,-15368,-1634
996,-15280,-1528
997,-15472,1202
998,-15608,186
999,-15584,184
1000,-15608,168
1001,-15560,1152
1002,-16040,-2636
1003,-15520,1974
1004,-15648,1870
1005,-15656,1872
1006,-15608,1858
1007,-15904,-2520
1008,-15040,850
1009,-15288,-1936
1010,-15528,1754
1011,-15560,-2388
1012,-15568,-2352
1013,-15568,-2354
1014,-15504,-2342
1015,-15528,-2344
1016,-15128,-1362
1017,-15040,374
1018,-15232,-1932
1019,-15384,2088
1020,-14992,-1914
1021,-14960,-1924
1022,-15424,2120
1023,-15472,2324
1024,-15456,2328
1025,-15296,-2558
1026,-15312,-2564
1027,-15336,-2566
1028,-14864,-1430
1029,-15048,2018
1030,-14880,1038
1031,-14400,-1900
1032,-14376,-2098
1033,-14688,1570
1034,-14712,1572
1035,-14976,1846
1036,-14960,1840
1037,-15128,-2158
1038,-14848,1806
1039,-14784,1770
1040,-15192,-1342
1041,-14936,-752
1042,-14952,-754
1043,-14912,-776
1044,-15368,-1516
1045,-15368,2182
1046,-15392,2184
1047,-15408,2186
1048,-15040,800
1049,-14992,792
1050,-14856,546
1051,-14944,1916
1052,-15328,-1102
1053,-15280,1558
1054,-15560,-1530
1055,-15584,-1532
1056,-15584,-1530
1057,-15984,2264
1058,-16200,-2630
1059,-15672,2472
1060,-16448,-2076
1061,-16080,-784
1062,-15424,2068
1063,-15448,2072
1064,-15984,-2254
1065,-15904,-2242
1066,-16368,2410
1067,-16032,1878
1068,-15984,1872
1069,-15984,1868
1070,-15464,-1842
1071,-15344,790
1072,-14928,-1594
1073,-15168,1914
1074,-14960,-1366
1075,-14944,-602
1076,-15024,-616
1077,-14856,-74
1078,-14856,-78
1079,-15648,1800
1080,-15544,1718
1081,-16152,-2312
1082,-16064,-1654
1083,-16064,-1666
1084,-16048,-1664
1085,-15672,2232
1086,-16128,-2464
1087,-16120,-2508
1088,-16088,-2502
1089,-16648,2880
1090,-15992,-2572
1091,-16480,2670
1092,-16480,2674
1093,-15864,-2618
1094,-15720,-2454
1095,-15800,2578
1096,-15824,2580
1097,-15728,458
1098,-15832,1966
1099,-16208,-2208
1100,-16136,-2198
1101,-15632,2400
1102,-15616,2398
1103,-15504,-2108
1104,-16264,1966
1105,-15760,-2252
1106,-15712,-2214
1107,-15680,-2208
1108,-16224,1882
1109,-16208,1896
1110,-15648,-1602
1111,-15272,1968
1112,-15296,1986
1113,-15232,2092
1114,-15272,2118
1115,-15448,146
1116,-15256,-946
1117,-15640,-1852
1118,-15616,-1850
1119,-15632,-1852
1120,-15648,-1848
1121,-15648,-1852
1122,-15880,1426
1123,-16144,-2752
1124,-16200,-2760
1125,-15808,2646
1126,-15760,2626
1127,-15000,-2148
1128,-14952,-2142
1129,-15040,-2376
1130,-15320,1360
1131,-15320,1358
1132,-15344,1360
1133,-15224,2312
1134,-15200,2306
1135,-15176,2312
1136,-15032,1356
1137,-15416,496
1138,-15640,198
1139,-15376,526
1140,-16488,-2336
1141,-16464,-2334
1142,-15736,1492
1143,-16048,-2288
1144,-15360,2244
1145,-15312,2156
1146,-15336,2200
1147,-15304,2196
1148,-15224,2274
1149,-15184,2256
1150,-15192,2028
1151,-15208,2032
1152,-15208,2030
1153,-15192,2026
1154,-15184,2018
1155,-15312,2202
1156,-15496,-2638
1157,-16552,2686
1158,-16040,-2434
1159,-15256,486
1160,-15232,574
1161,-15176,568
1162,-15224,574
1163,-15168,566
1164,-15256,710
1165,-15392,1922
1166,-15392,1898
1167,-15488,2016
1168,-15320,-344
1169,-15344,-346
1170,-15312,-352
1171,-15536,172
1172,-15400,304
1173,-15416,306
1174,-15384,288
1175,-15456,54
1176,-15544,-1828
1177,-15464,-210
1178,-15368,-352
1179,-15264,-190
1180,-15264,-192
1181,-15616,1468
1182,-15832,-2026
1183,-15744,-1850
1184,-15480,1846
1185,-15456,1844
1186,-15392,1876
1187,-15600,1978
1188,-15616,2508
1189,-15640,2522
1190,-15696,-2236
1191,-15608,1130
1192,-15304,-1992
1193,-15248,1056
1194,-15672,1948
1195,-15952,-2136
1196,-15912,-2132
1197,-15840,-2116
1198,-15824,-2676
1199,-15824,-2670
1200,-15864,-2740
1201,-15848,2542
1202,-16416,-2630
1203,-16128,-2134
1204,-15904,2418
1205,-15840,-2170
1206,-16064,1028
1207,-16096,958
1208,-15776,-1326
1209,-15816,-1474
1210,-15840,-1472
1211,-15856,-1858
1212,-15880,2184
1213,-15696,2052
1214,-15752,-1730
1215,-15864,-1696
1216,-16048,-2146
1217,-16048,-2052
1218,-15936,2238
1219,-15632,1918
1220,-15952,-2472
1221,-16016,-2492
1222,-15992,-2490
1223,-16552,2344
1224,-16544,2342
1225,-16592,2868
1226,-15752,-1578
1227,-15688,934
1228,-15664,784
1229,-15624,906
1230,-15616,936
1231,-16040,-1796
1232,-16264,2250
1233,-16760,-2758
1234,-16680,2800
1235,-15776,-2040
1236,-16032,-2496
1237,-16144,2448
1238,-15816,-2644
1239,-15808,-2642
1240,-14864,1346
1241,-14704,-692
1242,-14856,1260
1243,-15176,-1772
1244,-15224,-1782
1245,-14576,814
1246,-14848,1286
1247,-14880,1346
1248,-15000,1496
1249,-15000,1492
1250,-14992,1494
1251,-15208,2226
1252,-15264,2246
1253,-15088,-1374
1254,-15208,-1704
1255,-15200,-1702
1256,-15320,-1470
1257,-15688,2230
1258,-15672,2226
1259,-15848,-1052
1260,-15664,-1290
1261,-15720,-1442
1262,-15696,-1438
1263,-15904,-1658
1264,-15176,1370
1265,-16384,-1908
1266,-15360,1310
1267,-15744,-1752
1268,-15448,2086
1269,-15832,-1572
1270,-15720,-1536
1271,-15968,2458
1272,-16192,-2348
1273,-16360,-2134
1274,-16328,-2122
1275,-15448,2090
1276,-15296,-1996
1277,-15136,-1948
1278,-15136,-1950
1279,-15144,1052
1280,-16120,-2396
1281,-16176,2156
1282,-16184,2166
1283,-16168,2164
1284,-16632,-2672
1285,-16488,-1998
1286,-16456,-1992
1287,-16440,-2002
1288,-16448,-2004
1289,-16064,-1698
1290,-16064,-1726
1291,-16032,-1710
1292,-15712,1974
1293,-15712,1976
1294,-16344,2826
1295,-15320,-1754
1296,-15008,2080
1297,-15080,-2384
1298,-15048,-2374
1299,-15072,-2368
1300,-15080,2178
1301,-16056,-2224
1302,-16064,-2218
1303,-16144,-2254
1304,-15992,1808
1305,-16256,-2766
1306,-16224,-2830
1307,-16248,-2832
1308,-16368,2644
1309,-16112,-2216
1310,-16072,-2188
1311,-16080,-2178
1312,-16096,-2180
1313,-14984,2386
1314,-14856,2210
1315,-14864,-450
1316,-14864,-452
1317,-14704,1332
1318,-14664,1358
1319,-14688,1102
1320,-15024,-790
1321,-15200,1608
1322,-15200,1610
1323,-15432,-1278
1324,-15432,-1532
1325,-15448,-1534
1326,-15472,-1532
1327,-15752,2044
1328,-14944,-590
1329,-14704,-670
1330,-14832,-770
1331,-14888,92
1332,-14904,94
1333,-14904,92
1334,-15080,1458
1335,-15192,-1406
1336,-15320,1460
1337,-14536,238
1338,-14520,236
1339,-14504,210
1340,-14464,-588
1341,-14496,-574
1342,-14648,-290
1343,-14920,334
1344,-14824,-1640
1345,-14672,988
1346,-14648,986
1347,-14496,830
1348,-14528,1084
1349,-14512,1114
1350,-14488,1112
1351,-14552,1150
1352,-14568,1112
1353,-14552,1116
1354,-15184,-1540
1355,-15040,1046
1356,-15872,-2134
1357,-15696,2066
1358,-15864,-2398
1359,-16104,2692
1360,-16120,2698
1361,-15856,-2666
1362,-15712,2414
1363,-16048,-2732
1364,-16152,2756
1365,-15984,-2322
1366,-16064,-2346
1367,-15384,2352
1368,-15328,-1974
1369,-14840,-446
1370,-15096,-1566
1371,-15208,920
1372,-15160,982
1373,-15184,966
1374,-15088,136
1375,-15256,-1128
1376,-15832,1336
1377,-15840,1338
1378,-16312,2536
1379,-16744,-2762
1380,-16168,-2086
1381,-16056,-1830
1382,-16056,-1824
1383,-16024,2190
1384,-15544,-1824
1385,-15024,2314
1386,-15112,1782
1387,-15112,1778
1388,-15336,2414
1389,-15592,788
1390,-15864,-2320
1391,-16528,2638
1392,-16712,-2844
1393,-16688,2864
1394,-16640,2490
1395,-15336,-1752
1396,-15296,-1984
1397,-15288,-1974
1398,-15240,-1984
1399,-15464,1090
1400,-15472,1092
1401,-15496,-2038
1402,-15512,-2040
1403,-16064,2638
1404,-16112,2648
1405,-16096,2642
1406,-16112,2644
1407,-16280,2726
1408,-15552,-1946
1409,-15528,-2144
1410,-15832,2448
1411,-16056,-2314
1412,-15424,392
1413,-15400,390
1414,-15704,2062
1415,-14968,-1062
1416,-15000,-1080
1417,-15328,2166
1418,-15440,2242
1419,-15448,2288
1420,-15440,2226
1421,-15496,2296
1422,-14952,-814
1423,-14944,-620
1424,-15008,-1708
1425,-15376,-138
1426,-15304,-64
1427,-15472,-1960
1428,-15376,-1906
1429,-15528,2260
1430,-15200,-2120
1431,-15408,-2218
1432,-15768,914
1433,-15776,912
1434,-15800,892
1435,-15912,1916
1436,-15928,1920
1437,-14808,-976
1438,-14832,-960
1439,-14824,-428
1440,-14968,-224
1441,-15008,68
1442,-15024,-1460
1443,-15280,-1734
1444,-15296,-1736
1445,-15128,-980
1446,-15088,-966
1447,-15064,-662
1448,-15080,-666
1449,-15440,956
1450,-15528,1724
1451,-15456,-2174
1452,-15944,-2678
1453,-15944,-2680
1454,-15920,-2678
1455,-16736,2274
1456,-16792,2232
1457,-16168,-2554
1458,-16432,1912
1459,-16672,2072
1460,-15816,-2584
1461,-15736,-2516
1462,-15664,-2488
1463,-15448,380
1464,-15216,-124
1465,-15200,54
1466,-15488,1754
1467,-15600,2058
1468,-15256,1414
1469,-14944,-2300
1470,-14752,-1730
1471,-16056,2328
1472,-15408,-1522
1473,-15408,-1526
1474,-15312,-1346
1475,-15328,-1348
1476,-15272,-2154
1477,-15184,-1906
1478,-14976,1282
1479,-14976,1276
1480,-15056,1220
1481,-14392,-866
1482,-14416,-868
1483,-14528,-1122
1484,-14104,194
1485,-14128,190
1486,-14568,-952
1487,-14584,-852
1488,-14576,-856
1489,-14560,-8
1490,-14808,2108
1491,-14944,-2234
1492,-14936,-2232
1493,-15704,2304
1494,-15744,2352
1495,-15776,2330
1496,-16008,-2546
1497,-15256,2012
1498,-15744,-2080
1499,-15504,-1890
